Trait,Marker,Chr,Pos,df,F,p,add_effect,add_F,add_p,dom_effect,dom_F,dom_p,errordf,MarkerR2,Genetic Var,Residual Var,-2LnLikelihood
性别,None,,,0,NaN,NaN,NaN,NaN,NaN,NaN,NaN,NaN,215,NaN,0.00373,0.24406,305.92875
性别,RS112656766,1,159121084,1,1.38987,0.23974,NaN,NaN,NaN,NaN,NaN,NaN,218,0.00636,0.00373,0.24406,305.92875
性别,RS79209815,1,159121093,2,0.66332,0.51621,0.16317,0.61178,0.43499,-3.11E-02,0.01918,0.88997,218,0.00607,0.00373,0.24406,305.92875
性别,RS367626564,1,159121182,1,0.07928,0.77855,NaN,NaN,NaN,NaN,NaN,NaN,218,3.63E-04,0.00373,0.24406,305.92875
性别,RS77824633,1,159121271,2,0.10118,0.90381,-2.39E-01,0.00523,0.94242,0.38108,0.0161,0.89915,218,9.26E-04,0.00373,0.24406,305.92875
性别,RS74315633,1,159121317,2,0.10118,0.90381,-2.39E-01,0.00523,0.94242,0.38108,0.0161,0.89915,218,9.26E-04,0.00373,0.24406,305.92875
性别,RS2297560,1,159121322,2,0.10118,0.90381,0.23862,0.00523,0.94242,0.38108,0.0161,0.89915,218,9.26E-04,0.00373,0.24406,305.92875
性别,RS35779394,1,159121401,2,0.10118,0.90381,-2.39E-01,0.00523,0.94242,0.38108,0.0161,0.89915,218,9.26E-04,0.00373,0.24406,305.92875
年龄,None,,,0,NaN,NaN,NaN,NaN,NaN,NaN,NaN,NaN,215,NaN,0.00122,121.94456,1635.26925
年龄,RS112656766,1,159121084,1,7.70E-04,0.97789,NaN,NaN,NaN,NaN,NaN,NaN,218,3.44E-06,0.00122,121.94456,1635.26925
年龄,RS79209815,1,159121093,2,1.05151,0.35123,-1.93E+00,0.21454,0.6437,-6.38E+00,1.77913,0.18369,218,0.00939,0.00122,121.94456,1635.26925
年龄,RS367626564,1,159121182,1,0.19999,0.65518,NaN,NaN,NaN,NaN,NaN,NaN,218,8.93E-04,0.00122,121.94456,1635.26925
年龄,RS77824633,1,159121271,2,1.61225,0.20187,-1.18E+02,2.70364,0.1016,100.20543,2.39504,0.12321,218,0.01439,0.00122,121.94456,1635.26925
年龄,RS74315633,1,159121317,2,1.61225,0.20187,-1.18E+02,2.70364,0.1016,100.20543,2.39504,0.12321,218,0.01439,0.00122,121.94456,1635.26925
年龄,RS2297560,1,159121322,2,1.61225,0.20187,117.65715,2.70364,0.1016,100.20543,2.39504,0.12321,218,0.01439,0.00122,121.94456,1635.26925
年龄,RS35779394,1,159121401,2,1.61225,0.20187,-1.18E+02,2.70364,0.1016,100.20543,2.39504,0.12321,218,0.01439,0.00122,121.94456,1635.26925
身高（cm）,None,,,0,NaN,NaN,NaN,NaN,NaN,NaN,NaN,NaN,214,NaN,7.46E-04,74.5714,1494.5418
身高（cm）,RS112656766,1,159121084,1,0.38728,0.5344,NaN,NaN,NaN,NaN,NaN,NaN,217,0.00197,7.46E-04,74.5714,1494.5418
身高（cm）,RS79209815,1,159121093,2,0.15242,0.85872,0.73265,0.05047,0.82246,-8.48E-01,0.05145,0.82078,217,0.00155,7.46E-04,74.5714,1494.5418
身高（cm）,RS367626564,1,159121182,1,0.23542,0.62803,NaN,NaN,NaN,NaN,NaN,NaN,217,0.0012,7.46E-04,74.5714,1494.5418
身高（cm）,RS77824633,1,159121271,2,0.00336,0.99664,0.15952,8.13E-06,0.99773,0.34661,4.69E-05,0.99454,217,3.43E-05,7.46E-04,74.5714,1494.5418
身高（cm）,RS74315633,1,159121317,2,0.00336,0.99664,0.15952,8.13E-06,0.99773,0.34661,4.69E-05,0.99454,217,3.43E-05,7.46E-04,74.5714,1494.5418
身高（cm）,RS2297560,1,159121322,2,0.00336,0.99664,-1.60E-01,8.13E-06,0.99773,0.34661,4.69E-05,0.99454,217,3.43E-05,7.46E-04,74.5714,1494.5418
身高（cm）,RS35779394,1,159121401,2,0.00336,0.99664,0.15952,8.13E-06,0.99773,0.34661,4.69E-05,0.99454,217,3.43E-05,7.46E-04,74.5714,1494.5418
体重(kg),None,,,0,NaN,NaN,NaN,NaN,NaN,NaN,NaN,NaN,214,NaN,0.00161,161.23838,1653.82711
体重(kg),RS112656766,1,159121084,1,0.06787,0.79472,NaN,NaN,NaN,NaN,NaN,NaN,217,3.71E-04,0.00161,161.23838,1653.82711
体重(kg),RS79209815,1,159121093,2,0.04183,0.95904,1.22893,0.06568,0.79799,0.38769,0.00497,0.94385,217,4.57E-04,0.00161,161.23838,1653.82711
体重(kg),RS367626564,1,159121182,1,0.01174,0.91383,NaN,NaN,NaN,NaN,NaN,NaN,217,6.41E-05,0.00161,161.23838,1653.82711
体重(kg),RS77824633,1,159121271,2,0.13919,0.87014,-3.87E+01,0.22172,0.63822,36.90728,0.2457,0.62064,217,0.00152,0.00161,161.23838,1653.82711
体重(kg),RS74315633,1,159121317,2,0.13919,0.87014,-3.87E+01,0.22172,0.63822,36.90728,0.2457,0.62064,217,0.00152,0.00161,161.23838,1653.82711
体重(kg),RS2297560,1,159121322,2,0.13919,0.87014,38.74581,0.22172,0.63822,36.90728,0.2457,0.62064,217,0.00152,0.00161,161.23838,1653.82711
体重(kg),RS35779394,1,159121401,2,0.13919,0.87014,-3.87E+01,0.22172,0.63822,36.90728,0.2457,0.62064,217,0.00152,0.00161,161.23838,1653.82711
BMI（kg/m2）,None,,,0,NaN,NaN,NaN,NaN,NaN,NaN,NaN,NaN,215,NaN,1.74E-04,17.41532,1218.77901
BMI（kg/m2）,RS112656766,1,159121084,1,0.50208,0.47936,NaN,NaN,NaN,NaN,NaN,NaN,218,0.00233,1.74E-04,17.41532,1218.77901
BMI（kg/m2）,RS79209815,1,159121093,2,0.00696,0.99306,0.16324,0.01073,0.9176,0.20075,0.01234,0.91164,218,6.47E-05,1.74E-04,17.41532,1218.77901
BMI（kg/m2）,RS367626564,1,159121182,1,4.88E-05,0.99443,NaN,NaN,NaN,NaN,NaN,NaN,218,2.27E-07,1.74E-04,17.41532,1218.77901
BMI（kg/m2）,RS77824633,1,159121271,2,0.31415,0.73075,-2.10E+01,0.6031,0.43826,19.32831,0.62395,0.43047,218,0.00292,1.74E-04,17.41532,1218.77901
BMI（kg/m2）,RS74315633,1,159121317,2,0.31415,0.73075,-2.10E+01,0.6031,0.43826,19.32831,0.62395,0.43047,218,0.00292,1.74E-04,17.41532,1218.77901
BMI（kg/m2）,RS2297560,1,159121322,2,0.31415,0.73075,21.00014,0.6031,0.43826,19.32831,0.62395,0.43047,218,0.00292,1.74E-04,17.41532,1218.77901
BMI（kg/m2）,RS35779394,1,159121401,2,0.31415,0.73075,-2.10E+01,0.6031,0.43826,19.32831,0.62395,0.43047,218,0.00292,1.74E-04,17.41532,1218.77901
腰围(cm),None,,,0,NaN,NaN,NaN,NaN,NaN,NaN,NaN,NaN,211,NaN,0.00138,137.9632,1630.62177
腰围(cm),RS112656766,1,159121084,1,1.25597,0.2637,NaN,NaN,NaN,NaN,NaN,NaN,214,0.00596,0.00138,137.9632,1630.62177
腰围(cm),RS79209815,1,159121093,2,1.09729,0.3357,0.35744,0.00649,0.93585,-5.34E+00,1.10299,0.29483,214,0.01041,0.00138,137.9632,1630.62177
腰围(cm),RS367626564,1,159121182,1,0.66734,0.41491,NaN,NaN,NaN,NaN,NaN,NaN,214,0.00317,0.00138,137.9632,1630.62177
腰围(cm),RS77824633,1,159121271,2,0.31315,0.73148,-5.65E+01,0.55033,0.45902,48.4999,0.4958,0.48214,214,0.00297,0.00138,137.9632,1630.62177
腰围(cm),RS74315633,1,159121317,2,0.31315,0.73148,-5.65E+01,0.55033,0.45902,48.4999,0.4958,0.48214,214,0.00297,0.00138,137.9632,1630.62177
腰围(cm),RS2297560,1,159121322,2,0.31315,0.73148,56.46901,0.55033,0.45902,48.4999,0.4958,0.48214,214,0.00297,0.00138,137.9632,1630.62177
腰围(cm),RS35779394,1,159121401,2,0.31315,0.73148,-5.65E+01,0.55033,0.45902,48.4999,0.4958,0.48214,214,0.00297,0.00138,137.9632,1630.62177
FBG(mmol/l),None,,,0,NaN,NaN,NaN,NaN,NaN,NaN,NaN,NaN,194,NaN,7.90E-05,7.90373,901.70333
FBG(mmol/l),RS112656766,1,159121084,1,0.23189,0.63068,NaN,NaN,NaN,NaN,NaN,NaN,197,0.00147,7.90E-05,7.90373,901.70333
FBG(mmol/l),RS79209815,1,159121093,2,0.03825,0.96248,0.26589,0.0616,0.80425,0.07634,0.00373,0.95135,197,4.84E-04,7.90E-05,7.90373,901.70333
FBG(mmol/l),RS367626564,1,159121182,1,3.61333,0.05882,NaN,NaN,NaN,NaN,NaN,NaN,197,0.02287,7.90E-05,7.90373,901.70333
FBG(mmol/l),RS77824633,1,159121271,2,0.05128,0.95002,4.79258,0.06657,0.79667,-3.93E+00,0.05484,0.81509,197,6.49E-04,7.90E-05,7.90373,901.70333
FBG(mmol/l),RS74315633,1,159121317,2,0.05128,0.95002,4.79258,0.06657,0.79667,-3.93E+00,0.05484,0.81509,197,6.49E-04,7.90E-05,7.90373,901.70333
FBG(mmol/l),RS2297560,1,159121322,2,0.05128,0.95002,-4.79E+00,0.06657,0.79667,-3.93E+00,0.05484,0.81509,197,6.49E-04,7.90E-05,7.90373,901.70333
FBG(mmol/l),RS35779394,1,159121401,2,0.05128,0.95002,4.79258,0.06657,0.79667,-3.93E+00,0.05484,0.81509,197,6.49E-04,7.90E-05,7.90373,901.70333
PBG(mmol/l),None,,,0,NaN,NaN,NaN,NaN,NaN,NaN,NaN,NaN,38,NaN,4.41E-04,44.10497,246.11849
PBG(mmol/l),RS112656766,1,159121084,1,0.46646,0.49899,NaN,NaN,NaN,NaN,NaN,NaN,41,0.01125,4.41E-04,44.10497,246.11849
PBG(mmol/l),RS79209815,1,159121093,2,0.01676,0.98339,-3.17E-01,0.0071,0.93332,-1.09E+00,0.03314,0.85659,41,8.08E-04,4.41E-04,44.10497,246.11849
PBG(mmol/l),RS367626564,1,159121182,1,0.08792,0.76854,NaN,NaN,NaN,NaN,NaN,NaN,41,0.00212,4.41E-04,44.10497,246.11849
PBG(mmol/l),RS77824633,1,159121271,2,0.18577,0.83128,53.80553,0.34926,0.55833,-4.90E+01,0.36173,0.55143,41,0.00896,4.41E-04,44.10497,246.11849
PBG(mmol/l),RS74315633,1,159121317,2,0.18577,0.83128,53.80553,0.34926,0.55833,-4.90E+01,0.36173,0.55143,41,0.00896,4.41E-04,44.10497,246.11849
PBG(mmol/l),RS2297560,1,159121322,2,0.18577,0.83128,-5.38E+01,0.34926,0.55833,-4.90E+01,0.36173,0.55143,41,0.00896,4.41E-04,44.10497,246.11849
PBG(mmol/l),RS35779394,1,159121401,2,0.18577,0.83128,53.80553,0.34926,0.55833,-4.90E+01,0.36173,0.55143,41,0.00896,4.41E-04,44.10497,246.11849
TG(mmol/l),None,,,0,NaN,NaN,NaN,NaN,NaN,NaN,NaN,NaN,195,NaN,2.11E-04,21.14499,1140.89716
TG(mmol/l),RS112656766,1,159121084,1,0.07264,0.78782,NaN,NaN,NaN,NaN,NaN,NaN,198,3.76E-04,2.11E-04,21.14499,1140.89716
TG(mmol/l),RS79209815,1,159121093,2,0.6069,0.54608,-1.58E+00,0.81035,0.36914,-2.15E+00,1.12712,0.28972,198,0.00629,2.11E-04,21.14499,1140.89716
TG(mmol/l),RS367626564,1,159121182,1,0.10158,0.75028,NaN,NaN,NaN,NaN,NaN,NaN,198,5.26E-04,2.11E-04,21.14499,1140.89716
TG(mmol/l),RS77824633,1,159121271,2,0.54844,0.57875,-4.27E+00,0.01999,0.88771,0.52305,3.67E-04,0.98474,198,0.00568,2.11E-04,21.14499,1140.89716
TG(mmol/l),RS74315633,1,159121317,2,0.54844,0.57875,-4.27E+00,0.01999,0.88771,0.52305,3.67E-04,0.98474,198,0.00568,2.11E-04,21.14499,1140.89716
TG(mmol/l),RS2297560,1,159121322,2,0.54844,0.57875,4.2733,0.01999,0.88771,0.52305,3.67E-04,0.98474,198,0.00568,2.11E-04,21.14499,1140.89716
TG(mmol/l),RS35779394,1,159121401,2,0.54844,0.57875,-4.27E+00,0.01999,0.88771,0.52305,3.67E-04,0.98474,198,0.00568,2.11E-04,21.14499,1140.89716
TC(mmol/l),None,,,0,NaN,NaN,NaN,NaN,NaN,NaN,NaN,NaN,196,NaN,0.02609,2608.99304,2088.32831
TC(mmol/l),RS112656766,1,159121084,1,3.75E-04,0.98458,NaN,NaN,NaN,NaN,NaN,NaN,199,1.92E-06,0.02609,2608.99304,2088.32831
TC(mmol/l),RS79209815,1,159121093,2,1.04E-04,0.9999,0.25936,1.78E-04,0.98938,0.09379,1.73E-05,0.99668,199,1.07E-06,0.02609,2608.99304,2088.32831
TC(mmol/l),RS367626564,1,159121182,1,0.07406,0.78581,NaN,NaN,NaN,NaN,NaN,NaN,199,3.79E-04,0.02609,2608.99304,2088.32831
TC(mmol/l),RS77824633,1,159121271,2,0.01098,0.98908,49.73183,0.02195,0.88239,-4.45E+01,0.02154,0.88346,199,1.12E-04,0.02609,2608.99304,2088.32831
TC(mmol/l),RS74315633,1,159121317,2,0.01098,0.98908,49.73183,0.02195,0.88239,-4.45E+01,0.02154,0.88346,199,1.12E-04,0.02609,2608.99304,2088.32831
TC(mmol/l),RS2297560,1,159121322,2,0.01098,0.98908,-4.97E+01,0.02195,0.88239,-4.45E+01,0.02154,0.88346,199,1.12E-04,0.02609,2608.99304,2088.32831
TC(mmol/l),RS35779394,1,159121401,2,0.01098,0.98908,49.73183,0.02195,0.88239,-4.45E+01,0.02154,0.88346,199,1.12E-04,0.02609,2608.99304,2088.32831
HDL-C(mmol/l),None,,,0,NaN,NaN,NaN,NaN,NaN,NaN,NaN,NaN,196,NaN,2.68E-06,0.26809,260.8702
HDL-C(mmol/l),RS112656766,1,159121084,1,0.7322,0.39323,NaN,NaN,NaN,NaN,NaN,NaN,199,0.00448,2.68E-06,0.26809,260.8702
HDL-C(mmol/l),RS79209815,1,159121093,2,0.73895,0.47896,0.08043,0.16616,0.68399,0.26147,1.30994,0.25382,199,0.00904,2.68E-06,0.26809,260.8702
HDL-C(mmol/l),RS367626564,1,159121182,1,4.16E-04,0.98376,NaN,NaN,NaN,NaN,NaN,NaN,199,2.54E-06,2.68E-06,0.26809,260.8702
HDL-C(mmol/l),RS77824633,1,159121271,2,0.30544,0.73715,1.18952,0.12219,0.72705,-8.16E-01,0.07047,0.79094,199,0.00374,2.68E-06,0.26809,260.8702
HDL-C(mmol/l),RS74315633,1,159121317,2,0.30544,0.73715,1.18952,0.12219,0.72705,-8.16E-01,0.07047,0.79094,199,0.00374,2.68E-06,0.26809,260.8702
HDL-C(mmol/l),RS2297560,1,159121322,2,0.30544,0.73715,-1.19E+00,0.12219,0.72705,-8.16E-01,0.07047,0.79094,199,0.00374,2.68E-06,0.26809,260.8702
HDL-C(mmol/l),RS35779394,1,159121401,2,0.30544,0.73715,1.18952,0.12219,0.72705,-8.16E-01,0.07047,0.79094,199,0.00374,2.68E-06,0.26809,260.8702
LDL-C(mmol/l),None,,,0,NaN,NaN,NaN,NaN,NaN,NaN,NaN,NaN,196,NaN,8.23E-06,0.82319,467.36867
LDL-C(mmol/l),RS112656766,1,159121084,1,0.80115,0.37186,NaN,NaN,NaN,NaN,NaN,NaN,199,0.00524,8.23E-06,0.82319,467.36867
LDL-C(mmol/l),RS79209815,1,159121093,2,0.1049,0.90046,0.07122,0.04243,0.83702,-7.45E-02,0.03466,0.85251,199,0.00137,8.23E-06,0.82319,467.36867
LDL-C(mmol/l),RS367626564,1,159121182,1,0.07236,0.78821,NaN,NaN,NaN,NaN,NaN,NaN,199,4.74E-04,8.23E-06,0.82319,467.36867
LDL-C(mmol/l),RS77824633,1,159121271,2,0.07642,0.92646,2.30415,0.14931,0.69962,-2.03E+00,0.14199,0.70672,199,0.001,8.23E-06,0.82319,467.36867
LDL-C(mmol/l),RS74315633,1,159121317,2,0.07642,0.92646,2.30415,0.14931,0.69962,-2.03E+00,0.14199,0.70672,199,0.001,8.23E-06,0.82319,467.36867
LDL-C(mmol/l),RS2297560,1,159121322,2,0.07642,0.92646,-2.30E+00,0.14931,0.69962,-2.03E+00,0.14199,0.70672,199,0.001,8.23E-06,0.82319,467.36867
LDL-C(mmol/l),RS35779394,1,159121401,2,0.07642,0.92646,2.30415,0.14931,0.69962,-2.03E+00,0.14199,0.70672,199,0.001,8.23E-06,0.82319,467.36867
HbA1C(%),None,,,0,NaN,NaN,NaN,NaN,NaN,NaN,NaN,NaN,119,NaN,2.98E-04,29.83924,735.17407
HbA1C(%),RS112656766,1,159121084,1,0.28405,0.59507,NaN,NaN,NaN,NaN,NaN,NaN,122,0.00238,2.98E-04,29.83924,735.17407
HbA1C(%),RS79209815,1,159121093,2,0.52069,0.59549,1.53611,0.43655,0.5101,-1.52E+00,0.27213,0.6029,122,0.00873,2.98E-04,29.83924,735.17407
HbA1C(%),RS367626564,1,159121182,1,0.04528,0.83187,NaN,NaN,NaN,NaN,NaN,NaN,122,3.80E-04,2.98E-04,29.83924,735.17407
HbA1C(%),RS77824633,1,159121271,2,0.47248,0.62465,-5.91E+01,0.87094,0.35263,54.61971,0.90206,0.3442,122,0.00793,2.98E-04,29.83924,735.17407
HbA1C(%),RS74315633,1,159121317,2,0.47248,0.62465,-5.91E+01,0.87094,0.35263,54.61971,0.90206,0.3442,122,0.00793,2.98E-04,29.83924,735.17407
HbA1C(%),RS2297560,1,159121322,2,0.47248,0.62465,59.08296,0.87094,0.35263,54.61971,0.90206,0.3442,122,0.00793,2.98E-04,29.83924,735.17407
HbA1C(%),RS35779394,1,159121401,2,0.47248,0.62465,-5.91E+01,0.87094,0.35263,54.61971,0.90206,0.3442,122,0.00793,2.98E-04,29.83924,735.17407
ELISA结果（ng/ml）,None,,,0,NaN,NaN,NaN,NaN,NaN,NaN,NaN,NaN,215,NaN,2.10305,36.84405,1380.46012
ELISA结果（ng/ml）,RS112656766,1,159121084,1,0.91804,0.33908,NaN,NaN,NaN,NaN,NaN,NaN,218,0.00421,2.10305,36.84405,1380.46012
ELISA结果（ng/ml）,RS79209815,1,159121093,2,0.89483,0.41022,-2.96E+00,0.86264,0.35406,0.51753,0.02833,0.8665,218,0.0082,2.10305,36.84405,1380.46012
ELISA结果（ng/ml）,RS367626564,1,159121182,1,0.11783,0.73174,NaN,NaN,NaN,NaN,NaN,NaN,218,5.40E-04,2.10305,36.84405,1380.46012
ELISA结果（ng/ml）,RS77824633,1,159121271,2,0.19988,0.81898,20.94439,0.23319,0.62966,-2.13E+01,0.28483,0.59411,218,0.00183,2.10305,36.84405,1380.46012
ELISA结果（ng/ml）,RS74315633,1,159121317,2,0.19988,0.81898,20.94439,0.23319,0.62966,-2.13E+01,0.28483,0.59411,218,0.00183,2.10305,36.84405,1380.46012
ELISA结果（ng/ml）,RS2297560,1,159121322,2,0.19988,0.81898,-2.09E+01,0.23319,0.62966,-2.13E+01,0.28483,0.59411,218,0.00183,2.10305,36.84405,1380.46012
ELISA结果（ng/ml）,RS35779394,1,159121401,2,0.19988,0.81898,20.94439,0.23319,0.62966,-2.13E+01,0.28483,0.59411,218,0.00183,2.10305,36.84405,1380.46012
omentin-1,None,,,0,NaN,NaN,NaN,NaN,NaN,NaN,NaN,NaN,215,NaN,1.94244,36.73195,1379.73266
omentin-1,RS112656766,1,159121084,1,0.88852,0.34695,NaN,NaN,NaN,NaN,NaN,NaN,218,0.00406,1.94244,36.73195,1379.73266
omentin-1,RS79209815,1,159121093,2,0.8821,0.41543,-2.98E+00,0.91156,0.34079,0.36352,0.0143,0.90492,218,0.00807,1.94244,36.73195,1379.73266
omentin-1,RS367626564,1,159121182,1,0.02833,0.86649,NaN,NaN,NaN,NaN,NaN,NaN,218,1.30E-04,1.94244,36.73195,1379.73266
omentin-1,RS77824633,1,159121271,2,0.2114,0.80962,19.82396,0.21212,0.64558,-2.05E+01,0.26842,0.60493,218,0.00193,1.94244,36.73195,1379.73266
omentin-1,RS74315633,1,159121317,2,0.2114,0.80962,19.82396,0.21212,0.64558,-2.05E+01,0.26842,0.60493,218,0.00193,1.94244,36.73195,1379.73266
omentin-1,RS2297560,1,159121322,2,0.2114,0.80962,-1.98E+01,0.21212,0.64558,-2.05E+01,0.26842,0.60493,218,0.00193,1.94244,36.73195,1379.73266
omentin-1,RS35779394,1,159121401,2,0.2114,0.80962,19.82396,0.21212,0.64558,-2.05E+01,0.26842,0.60493,218,0.00193,1.94244,36.73195,1379.73266
